{"NetShare": {"srcip": [0.17080959392474893], "dstip": [0.04378052761610374], "srcport": [0.15114884685897081], "dstport": [0.1523291742325265], "proto": [0.002612124148180221], "ts": [0.006492450818984976], "td": [0.2907514696342744], "pkt": [0.029102874239749738], "byt": [0.044257064881227264]}}