{"NetShare": {"srcip": [0.04224190992397654], "dstip": [0.03710451199048288], "srcport": [0.21668819126820493], "dstport": [0.42833289027574356], "proto": [0.0002557393297061683], "pkt_len": [34.51879791766569], "time": [19183.84299331407], "flow_size": [4.699163177519869]}}