{"NetShare": {"srcip": [0.24700996849877932], "dstip": [0.13303100328341405], "srcport": [0.27049440517310824], "dstport": [0.29514808911112306], "proto": [0.000944864062944849], "pkt_len": [298.8259347601344], "time": [20484490.412533864], "flow_size": [2.1401929273975657]}}